{"cameraMode":{"drawMode":0,"name":"Shaded","section":"Shading Mode"},"sceneLighting":true,"audioPlay":false,"sceneViewState":{"m_AlwaysRefresh":false,"showFog":true,"showSkybox":true,"showFlares":true,"showImageEffects":true,"showParticleSystems":true,"showVisualEffectGraphs":true,"m_FxEnabled":true},"in2DMode":false,"pivot":{"x":52.729515075683597,"y":200.36871337890626,"z":-34.29811096191406},"rotation":{"x":0.5664166212081909,"y":0.023626497015357019,"z":-0.016500089317560197,"w":0.8237021565437317},"size":94.11051177978516,"orthographic":true}